English,Russian,Ukrainian,Polish,Bulgarian,Belarusian,Japanese,Chinese,French,Portuguese,BR Portuguese,Spanish
25%,25%,25%,25%,25%,25%,25%,25%,25%,25%,25%,25%
65%,65%,65%,65%,65%,65%,65%,65%,65%,65%,65%,65%
75%,75%,75%,75%,75%,75%,75%,75%,75%,75%,75%,75%
Active Stats,Активные статы,Активна статистика,Aktywne Statystyki,Активни статистики,Актыўныя статы,アクティブステータス,活动属性,Stats actives,Estatísticas ativas,Estatisticas ativas,Estadisticas activas
Alert Threshold,Порог оповещения,Поріг сповіщення,Próg Alertu,Праг за сигнал,Парог апавяшчэння,アラートしきい値,警告阈值,Seuil d'alerte,Limite de alerta,Limite de alerta,Umbral de alerta
Automatically selects 'With Party' in lane preference. Requires the party screen to be open.,Автоматически выбирает «С группой» в предпочтении линии. Требуется открытый экран группы.,"Автоматично вибирає 'З групою' у налаштуваннях лінії. Потрібно, щоб екран групи був відкритий.","Automatycznie wybiera ""Z Drużyną"" w preferencjach linii. Wymaga otwartego ekranu drużyny.",Автоматично избира 'With Party' в предпочитанието за лейн. Изисква екранът на партито да е отворен.,Аўтаматычна выбірае «З групай» у перавазе лініі. Патрабуе адкрытага экрана групы.,レーン設定で「パーティーあり」を自動的に選択します。パーティー画面が開いている必要があります。,在分路偏好中自动选择“与队伍一起”。需要打开队伍界面。,Sélectionne automatiquement 'Avec le groupe' dans la préférence de lane. Nécessite que l'écran de groupe soit ouvert.,Seleciona automaticamente 'Com grupo' na preferência de pista. Requer que o ecrã do grupo esteja aberto.,Seleciona automaticamente 'Com grupo' na preferencia de lane. Requer que a tela de grupo esteja aberta.,Selecciona automaticamente 'Con grupo' en la preferencia de carril. Requiere que la pantalla de grupo este abierta.
Console alert when any feature exceeds this ms threshold.,"Оповещение в консоли, когда любая функция превышает этот порог в мс.","Сповіщення в консолі, коли будь-яка функція перевищує цей поріг у мс.","Alert w konsoli, gdy dowolna funkcja przekroczy ten próg w ms.","Сигнал в конзолата, когато някоя функция надхвърли този праг в ms.","Апавяшчэнне ў кансолі, калі любая функцыя перавышае гэты парог у мс.",いずれかの機能がこの ms しきい値を超えたときにコンソールでアラートを表示します。,当任何功能超过此毫秒阈值时在控制台发出警告。,Alerte console lorsqu'une fonctionnalité dépasse ce seuil en ms.,Alerta na consola quando qualquer recurso excede este limite em ms.,Alerta no console quando qualquer recurso ultrapassa este limite em ms.,Alerta en consola cuando cualquier funcion supera este umbral en ms.
Controls how many enhanced quickbuy preview items are shown.,"Управляет тем, сколько предметов показывается в превью улучшенной быстрой покупки.","Визначає, скільки елементів попереднього перегляду розширеної швидкої покупки відображається.","Określa, ile przedmiotów podglądu ulepszonego szybkiego zakupu jest pokazywanych.",Контролира колко подобрени елемента за предварителен преглед на бързата покупка се показват.,"Кіруе тым, колькі прадметаў паказваецца ў папярэднім праглядзе палепшанай хуткай куплі.",拡張クイック購入プレビューに表示されるアイテム数を制御します。,控制显示多少个增强快速购买预览物品。,Contrôle le nombre d'items d'aperçu affichés dans l'achat rapide amélioré.,Controla quantos itens de pré-visualização da compra rápida melhorada são mostrados.,Controla quantos itens de previa da compra rapida aprimorada sao exibidos.,Controla cuantos objetos de vista previa de la compra rapida mejorada se muestran.
"Customize the position of the Player Stats panel, or hide it completely.",Настройте положение панели характеристик игрока или скройте её полностью.,Налаштуйте положення панелі статистики гравця або повністю приховайте її.,Dostosuj pozycję panelu Statystyk Gracza lub ukryj go całkowicie.,Персонализирайте позицията на панела със статистики на играча или го скрийте напълно.,Наладзіць становішча панэлі статаў гульца або цалкам яе схаваць.,プレイヤーステータスパネルの位置をカスタマイズするか、完全に非表示にします。,自定义玩家属性面板的位置，或将其完全隐藏。,"Personnalise la position du panneau des stats du joueur, ou le masque complètement.","Personalize a posição do painel de Estatísticas do jogador, ou oculte-o completamente.","Personalize a posicao do painel de Estatisticas do Jogador, ou oculte-o completamente.","Personaliza la posicion del panel de Estadisticas del jugador, u ocultalo por completo."
Damage Impact,Эффект урона,Вплив пошкодження,Wpływ Obrażeń,Въздействие на щетите,Уздзеянне ўрону,ダメージインパクト,伤害冲击,Impact des dégâts,Impacto de dano,Impacto de dano,Impacto de dano
Detailed Console,Подробная консоль,Детальна консоль,Szczegółowa Konsola,Подробна конзола,Падрабязная кансоль,詳細コンソール,详细控制台,Console détaillée,Consola detalhada,Console detalhado,Consola detallada
Dev,Разработка,Розробка,Dev,Dev,Распрацоўка,開発,开发,Dev,Dev,Dev,Dev
Diagnostics,Диагностика,Діагностика,Diagnostyka,Диагностика,Дыягностыка,診断,诊断,Diagnostics,Diagnósticos,Diagnosticos,Diagnosticos
Enable performance tracking (required for overlay).,Включает отслеживание производительности (required for overlay).,Увімкнути відстеження продуктивності (required for overlay).,Włącz śledzenie wydajności (required for overlay).,Активиране на проследяването на производителността (required for overlay).,Уключыць адсочванне прадукцыйнасці (патрэбна для налажэння).,パフォーマンス追跡を有効にします (overlay に必要)。,启用性能追踪（覆盖层所需）。,Active le suivi des performances (requis pour l'overlay).,Ative o registo de desempenho (necessário para a sobreposição).,Habilita o rastreamento de desempenho (necessario para a sobreposicao).,Habilita el seguimiento de rendimiento (required for overlay).
Enhanced,Улучшенная,Розширений,Ulepszony,Подобрен,Палепшаны,拡張,增强,Amélioré,Melhorado,Aprimorado,Mejorado
Enhanced Count,Кол-во в улучшенной,Кількість розширених,Liczba Ulepszonych,Подобрен брой,Колькасць у палепшаным,拡張表示数,增强数量,Nombre d'items améliorés,Contagem melhorada,Quantidade aprimorada,Cantidad mejorada
Estimated Active Reload Timer,Примерный таймер Active Reload,Приблизний таймер Active Reload,Szacowany Timer Aktywnego Przeładowania,Прогнозен таймер за Active Reload,Прыблізны таймер Active Reload,アクティブリロードの推定タイマー,预计主动换弹定时器,Minuteur estimé de l'Active Reload,Temporizador estimado de Active Reload,Temporizador estimado de Active Reload,Temporizador estimado de Recarga activa
Feature Test,Тест функций,Тест функції,Test Funkcji,Тест на функция,Тэст функцый,機能テスト,功能测试,Test des fonctionnalités,Teste de recurso,Teste de recurso,Prueba de funciones
Hide in normal view,Скрывать в обычном виде,Приховати у звичайному вигляді,Ukryj w normalnym widoku,Скриване при нормален изглед,Схаваць у звычайным выглядзе,通常表示時に非表示,在正常视图中隐藏,Masquer en vue normale,Ocultar na vista normal,Ocultar na visao normal,Ocultar en vista normal
Hide on scoreboard (TAB),Скрывать на табло (TAB),Приховати на табло (TAB),Ukryj na tablicy wyników (TAB),Скриване на таблото (TAB),Схаваць на табліцы вынікаў (TAB),スコアボード表示時に非表示 (TAB),在记分板上隐藏 (TAB),Masquer sur le tableau de bord (TAB),Ocultar no placar (TAB),Ocultar no placar (TAB),Ocultar en el marcador (TAB)
"Hide the bottom-left active stats block during normal play. It stays in the HUD (just made invisible), so the Crosshair Active Stats mirror keeps working.","Скрывает блок активных статов в левом нижнем углу во время обычной игры. Он остаётся в HUD (просто становится невидимым), поэтому отзеркаливание активных статов у прицела продолжает работать.","Приховує блок активної статистики в нижньому лівому куті під час звичайної гри. Він залишається в HUD (просто стає невидимим), тому дзеркало активної статистики біля прицілу продовжує працювати.","Ukrywa blok aktywnych statystyk w lewym dolnym rogu podczas normalnej rozgrywki. Pozostaje on w HUD (jedynie staje się niewidoczny), więc lustrzane odbicie Aktywnych Statystyk przy Celowniku nadal działa.","Скрива блока с активни статистики долу вляво по време на нормална игра. Той остава в HUD (просто става невидим), така че огледалото на активните статистики при мерника продължава да работи.","Хавае блок актыўных статаў у левым ніжнім куце падчас звычайнай гульні. Ён застаецца ў HUD (проста становіцца нябачным), таму адлюстраванне актыўных статаў каля прыцэла працягвае працаваць.",通常プレイ中に左下のアクティブステータスブロックを非表示にします。HUD には残ったまま (見えなくなるだけ) なので、クロスヘアのアクティブステータスミラーは引き続き機能します。,在正常游戏时隐藏左下角的活动属性块。它仍保留在 HUD 中（仅设为不可见），因此十字线活动属性镜像仍可正常工作。,"Masque le bloc des stats actives en bas à gauche pendant le jeu normal. Il reste dans le HUD (simplement rendu invisible), donc le miroir des stats actives du réticule continue de fonctionner.","Oculta o bloco de estatísticas ativas no canto inferior esquerdo durante o jogo normal. Permanece no HUD (apenas fica invisível), por isso o espelho de Estatísticas Ativas da Mira continua a funcionar.","Oculta o bloco de estatisticas ativas no canto inferior esquerdo durante o jogo normal. Ele permanece no HUD (apenas invisivel), entao o espelho de Estatisticas Ativas da Mira continua funcionando.","Oculta el bloque de estadisticas activas de la esquina inferior izquierda durante el juego normal. Permanece en el HUD (solo se vuelve invisible), por lo que el reflejo de Estadisticas activas en la Mira sigue funcionando."
Hide the detailed stats list that appears while the scoreboard / TAB is held.,"Скрывает подробный список характеристик, который появляется при удержании табло / TAB.","Приховує детальний список статистики, що з’являється, поки утримується табло / TAB.","Ukrywa szczegółową listę statystyk, która pojawia się przy przytrzymaniu tablicy wyników / TAB.","Скрива подробния списък със статистики, който се появява, докато се държи таблото / TAB.","Хавае падрабязны спіс статаў, які з'яўляецца, пакуль зацiснута табліца вынікаў / TAB.",スコアボード / TAB を押している間に表示される詳細ステータスリストを非表示にします。,隐藏按住记分板 / TAB 时显示的详细属性列表。,Masque la liste détaillée des stats qui apparaît lorsque le tableau de bord / TAB est maintenu.,Oculta a lista detalhada de estatísticas que aparece enquanto o placar / TAB é mantido premido.,Oculta a lista detalhada de estatisticas que aparece enquanto o placar / TAB esta pressionado.,Oculta la lista detallada de estadisticas que aparece mientras se mantiene el marcador / TAB.
Hint Size,Размер подсказки,Розмір підказки,Rozmiar Podpowiedzi,Размер на подсказката,Памер падказкі,ヒントサイズ,提示大小,Taille de l'indice,Tamanho da dica,Tamanho da dica,Tamano de la pista
Item Buy Notifications,Уведомления о покупке предметов,Сповіщення про купівлю предметів,Powiadomienia o Zakupie Przedmiotów,Известия за покупка на предмети,Апавяшчэнні аб куплі прадметаў,アイテム購入通知,物品购买通知,Notifications d'achat d'items,Notificações de compra de itens,Notificacoes de compra de itens,Notificaciones de compra de objetos
Items,Предметы,Предмети,Przedmioty,Предмети,Прадметы,アイテム,物品,Items,Itens,Itens,Objetos
Left,Слева,Ліворуч,Lewa,Ляво,Злева,左,左,Gauche,Esquerda,Esquerda,Izquierda
Minimalistic Pause,Минималистичная пауза,Мінімалістична пауза,Minimalistyczna Pauza,Минималистична пауза,Мінімалістычная паўза,ミニマルなポーズ画面,极简暂停,Pause minimaliste,Pausa minimalista,Pausa minimalista,Pausa minimalista
Mirror active buffs/debuffs vertically next to the crosshair so they are visible mid-fight.,"Отзеркаливает активные баффы/дебаффы вертикально рядом с прицелом, чтобы они были видны прямо в бою.","Дзеркально відображає активні баффи/дебаффи вертикально біля прицілу, щоб їх було видно під час бою.","Lustrzanie odbij aktywne wzmocnienia/osłabienia pionowo obok celownika, aby były widoczne w trakcie walki.","Огледално показва активните бафове/дебафове вертикално до мерника, за да са видими по време на битка.","Адлюстроўвае актыўныя бафы/дэбафы вертыкальна каля прыцэла, каб яны былі бачныя падчас бою.",アクティブなバフ/デバフをクロスヘアの横に縦方向にミラー表示し、戦闘中でも見えるようにします。,在十字线旁垂直镜像显示当前增益/减益，使其在战斗中可见。,Reflète verticalement les buffs/debuffs actifs à côté du réticule pour qu'ils soient visibles en plein combat.,Espelha os buffs/debuffs ativos verticalmente junto à mira para que fiquem visíveis durante o combate.,Espelha os buffs/debuffs ativos verticalmente ao lado da mira para que fiquem visiveis durante a luta.,Refleja las mejoras/desventajas activas verticalmente junto a la mira para que sean visibles en pleno combate.
MOG,MOG,MOG,MOG,MOG,MOG,MOG,MOG,MOG,MOG,MOG,MOG
MOGLOCK,MOGLOCK,MOGLOCK,MOGLOCK,MOGLOCK,MOGLOCK,MOGLOCK,MOGLOCK,MOGLOCK,MOGLOCK,MOGLOCK,MOGLOCK
On Bridge,На мосту,На мосту,Na Moście,На моста,На мосце,ブリッジ上,在桥上,Sur le pont,Na ponte,Na ponte,En el puente
On Mid Boss,На Мид Боссе,На Mid Boss,Przy Mid Bossie,На Mid Boss,На мід босе,中ボス位置,在 Mid Boss,Sur le Mid Boss,No Mid Boss,No Mid Boss,En el jefe central
Only simplifies the shop stats display.,Упрощает только отображение характеристик в магазине.,Спрощує лише відображення статистики магазину.,Upraszcza tylko wyświetlanie statystyk w sklepie.,Опростява само показването на статистиките в магазина.,Спрашчае толькі адлюстраванне статаў у магазіне.,ショップのステータス表示のみを簡素化します。,仅简化商店属性显示。,Simplifie uniquement l'affichage des stats de la boutique.,Apenas simplifica a visualização de estatísticas da loja.,Apenas simplifica a exibicao de estatisticas da loja.,Solo simplifica la visualizacion de estadisticas de la tienda.
Opacity of the performance overlay panel.,Прозрачность панели оверлея производительности.,Прозорість панелі оверлею продуктивності.,Przezroczystość panelu nakładki wydajności.,Прозрачност на панела с овърлея за производителност.,Празрыстасць панэлі налажэння прадукцыйнасці.,パフォーマンスオーバーレイパネルの不透明度。,性能覆盖层面板的不透明度。,Opacité du panneau de l'overlay de performances.,Opacidade do painel de sobreposição de desempenho.,Opacidade do painel de sobreposicao de desempenho.,Opacidad del panel de superposicion de rendimiento.
Overlay Opacity,Прозрачность оверлея,Прозорість оверлею,Przezroczystość Nakładki,Прозрачност на овърлея,Празрыстасць налажэння,オーバーレイの不透明度,覆盖层不透明度,Opacité de l'overlay,Opacidade da sobreposição,Opacidade da sobreposicao,Opacidad de la superposicion
Per-Hero Popups,Всплывашки у каждого героя,Спливаючі вікна для кожного героя,Wyskakujące Okienka przy Bohaterach,Изскачащи прозорци за всеки герой,Папапы па героях,ヒーローごとのポップアップ,每位英雄弹窗,Pop-ups par héros,Pop-ups por herói,Pop-ups por heroi,Avisos por heroe
Perf Debug,Отладка производительности,Налагодження продуктивності,Debug Wydajności,Perf Debug,Адладка прадукцыйнасці,パフォーマンスデバッグ,性能调试,Débogage perf,Depuração de desempenho,Depuracao de desempenho,Depuracion de rendimiento
Performance,Производительность,Продуктивність,Wydajność,Производителност,Прадукцыйнасць,パフォーマンス,性能,Performances,Desempenho,Desempenho,Rendimiento
"Pin the stats panel to the left (default, like vanilla) or right side of the screen.","Закрепляет панель характеристик слева (по умолчанию, как в ваниле) или справа экрана.","Закріпити панель статистики ліворуч (за замовчуванням, як у ванілі) або праворуч на екрані.","Przypnij panel statystyk do lewej (domyślnie, jak w wersji podstawowej) lub prawej strony ekranu.","Закачете панела със статистики вляво (по подразбиране, като ванила) или вдясно на екрана.","Замацаваць панэль статаў злева (па змаўчанні, як у ванілі) або справа экрана.",ステータスパネルを画面の左 (デフォルト、バニラと同じ) または右に固定します。,将属性面板固定在屏幕左侧（默认，与原版相同）或右侧。,"Épingle le panneau des stats à gauche (par défaut, comme le vanilla) ou à droite de l'écran.","Fixa o painel de estatísticas no lado esquerdo (predefinição, como o original) ou direito do ecrã.","Fixe o painel de estatisticas no lado esquerdo (padrao, como o original) ou direito da tela.","Fija el panel de estadisticas a la izquierda (predeterminado, como el original) o a la derecha de la pantalla."
Player Stats,Характеристики игрока,Статистика гравця,Statystyki Gracza,Статистики на играча,Статы гульца,プレイヤーステータス,玩家属性,Stats du joueur,Estatísticas do jogador,Estatisticas do Jogador,Estadisticas del jugador
Preset Cycle,Перебор пресетов,Цикл пресетів,Cykl Presetów,Цикъл на пресети,Цыкл прэсетаў,プリセットサイクル,预设循环,Cycle des préréglages,Ciclo de predefinições,Ciclo de predefinicoes,Ciclo de ajustes predefinidos
Recent Purchases,Недавние покупки,Останні покупки,Ostatnie Zakupy,Скорошни покупки,Апошнія пакупкі,最近の購入,最近购买,Achats récents,Compras recentes,Compras recentes,Compras recientes
Rejuvenator,Реджув,Rejuvenator,Odnawiacz,Rejuvenator,Рэжувенатар,Rejuvenator,Rejuvenator,Rejuvenator,Rejuvenator,Rejuvenator,Rejuvenator
"Remind when urn, bridge buffs, and gold statue upgrades are spawning.","Напоминает о появлении урны, рун и улучшений золотой статуи.","Нагадувати, коли з’являються урна, бридж баффи та покращення золотої статуї.","Przypomnij, kiedy pojawiają się urna, wzmocnienia mostowe oraz ulepszenia złotych posągów.","Напомняне, когато се появяват урна, бридж бафове и надстройки на златна статуя.","Нагадвае, калі адраджаюцца урна, Руны і апгрэйды залатой статуі.",壺、ブリッジバフ、金の像のアップグレードが出現するタイミングを通知します。,当瓮、桥梁增益和金雕像升级出现时提醒。,"Rappelle quand l'urne, les buffs de pont et les améliorations de la statue d'or apparaissent.","Lembra-se quando a urna, os buffs da ponte e as melhorias da estátua dourada estão a surgir.","Lembrar quando a urna, os buffs da ponte e as melhorias da estatua de ouro estao surgindo.","Recuerda cuando aparecen la urna, las mejoras del puente y las mejoras de la estatua dorada."
Right,Справа,Праворуч,Prawa,Дясно,Справа,右,右,Droite,Direita,Direita,Derecha
Rotate Magazine,Повернуть магазин,Обертати магазин,Obróć Magazynek,Завъртане на пълнителя,Павярнуць абойму,マガジンを回転,旋转弹匣,Pivoter le chargeur,Rodar carregador,Girar pente,Rotar cargador
Rotate the ammo magazine visualiser.,Поворачивает визуализацию магазина боеприпасов.,Обертає візуалізатор магазина з боєприпасами.,Obróć wizualizację magazynka amunicji.,Завърта визуализатора на пълнителя с амуниции.,Павярнуць візуалізатар абоймы боезапасу.,弾薬マガジンのビジュアライザーを回転させます。,旋转弹匣可视化效果。,Fait pivoter le visualiseur du chargeur de munitions.,Rode o visualizador do carregador de munição.,Gira o visualizador do pente de municao.,Rota el visualizador del cargador de municion.
Scoreboard,Табло,Табло,Tablica Wyników,Табло,Табліца вынікаў,スコアボード,记分板,Tableau de bord,Placar,Placar,Marcador
See your view angle.,Показывает ваш угол обзора.,Перегляньте свій кут огляду.,Sprawdź swój kąt widzenia.,Вижте своя зрителен ъгъл.,Паказвае вугал агляду.,視野角を確認できます。,查看你的视角角度。,Affiche votre angle de vue.,Veja o seu ângulo de visão.,Veja seu angulo de visao.,Ve tu angulo de vision.
Settings,Настройки,Налаштування,Ustawienia,Настройки,Налады,設定,设置,Paramètres,Definições,Configuracoes,Configuracion
"Show active buffs/debuffs (firerate, slow, antiheal...) vertically next to the crosshair","Показывает активные баффы/дебаффы (скорострельность, замедление, антихил...) вертикально рядом с прицелом","Показувати активні баффи/дебаффи (швидкострільність, сповільнення, антилікування...) вертикально біля прицілу","Pokaż aktywne wzmocnienia/osłabienia (szybkostrzelność, spowolnienie, antyleczenie...) pionowo obok celownika","Показва активните бафове/дебафове (скорострелност, забавяне, антилекуване...) вертикално до мерника","Паказвае актыўныя бафы/дэбафы (скарастрэльнасць, запаволенне, антыхіл...) вертыкальна каля прыцэла",アクティブなバフ/デバフ (発射速度、スロウ、回復阻害...) をクロスヘアの横に縦方向に表示します,在十字线旁垂直显示当前增益/减益（射速、减速、反治疗……）,"Affiche les buffs/debuffs actifs (cadence de tir, ralentissement, antisoin...) verticalement à côté du réticule","Mostra os buffs/debuffs ativos (cadência de tiro, lentidão, anticura...) verticalmente junto à mira","Mostra os buffs/debuffs ativos (cadencia de tiro, lentidao, anticura...) verticalmente ao lado da mira","Muestra las mejoras/desventajas activas (cadencia de fuego, ralentizacion, anticuracion...) verticalmente junto a la mira"
Show Buffs,Показать баффы,Показати баффи,Pokaż Wzmocnienia,Показване на бафове,Паказаць бафы,バフを表示,显示增益,Afficher les buffs,Mostrar buffs,Mostrar buffs,Mostrar mejoras
Show Build ID,Показать ID сборки,Показати ID збірки,Pokaż ID Builda,Показване на ИД на компилация,Паказаць ID білда,ビルド ID を表示,显示构建 ID,Afficher l'ID de build,Mostrar ID da construção,Mostrar ID da build,Mostrar ID de compilacion
Show Debuffs,Показать дебаффы,Показати дебаффи,Pokaż Osłabienia,Показване на дебафове,Паказаць дэбафы,デバフを表示,显示减益,Afficher les debuffs,Mostrar debuffs,Mostrar debuffs,Mostrar desventajas
Show full feature breakdown in console every 5s.,Показывать полную разбивку по функциям в консоли каждые 5 с.,Показувати повний розклад функцій у консолі кожні 5 с.,Pokaż pełny rozkład funkcji w konsoli co 5s.,Показва пълна разбивка на функциите в конзолата на всеки 5 секунди.,Паказваць поўную разбіўку функцый у кансолі кожныя 5 с.,5 秒ごとにコンソールで機能の詳細な内訳を表示します。,每 5 秒在控制台显示完整的功能明细。,Affiche le détail complet des fonctionnalités dans la console toutes les 5 s.,Mostra a discriminação completa dos recursos na consola a cada 5s.,Mostra o detalhamento completo dos recursos no console a cada 5s.,Muestra el desglose completo de funciones en la consola cada 5s.
"Show negative modifiers (slow, antiheal, fire rate reduction...) next to the crosshair.","Показывает отрицательные модификаторы (замедление, антихил, снижение скорострельности...) рядом с прицелом.","Показувати негативні модифікатори (сповільнення, антилікування, зниження швидкострільності...) біля прицілу.","Pokaż negatywne modyfikatory (spowolnienie, antyleczenie, redukcja szybkostrzelności...) obok celownika.","Показва отрицателните модификатори (забавяне, антилекуване, намалена скорострелност...) до мерника.","Паказвае адмоўныя мадыфікатары (запаволенне, антыхіл, зніжэнне скарастрэльнасці...) каля прыцэла.",マイナスの修正効果 (スロウ、回復阻害、発射速度低下...) をクロスヘアの横に表示します。,在十字线旁显示负面修正（减速、反治疗、射速降低……）。,"Affiche les modificateurs négatifs (ralentissement, antisoin, réduction de cadence de tir...) à côté du réticule.","Mostra os modificadores negativos (lentidão, anticura, redução da cadência de tiro...) junto à mira.","Mostra modificadores negativos (lentidao, anticura, reducao de cadencia de tiro...) ao lado da mira.","Muestra los modificadores negativos (ralentizacion, anticuracion, reduccion de cadencia de fuego...) junto a la mira."
Show Overlay,Показать оверлей,Показати оверлей,Pokaż Nakładkę,Показване на овърлей,Паказаць налажэнне,オーバーレイを表示,显示覆盖层,Afficher l'overlay,Mostrar sobreposição,Mostrar sobreposicao,Mostrar superposicion
Show Player Ranks,Показать ранги игроков,Показати ранги гравців,Pokaż Rangi Graczy,Показване на ранговете на играчите,Паказаць рангі гульцоў,プレイヤーのランクを表示,显示玩家段位,Afficher les rangs des joueurs,Mostrar classificações dos jogadores,Mostrar ranks dos jogadores,Mostrar rangos de jugadores
"Show positive modifiers (resistances, fire rate, lifesteal...) next to the crosshair.","Показывает положительные модификаторы (сопротивления, скорострельность, вампиризм...) рядом с прицелом.","Показувати позитивні модифікатори (опори, швидкострільність, вампіризм...) біля прицілу.","Pokaż pozytywne modyfikatory (odporności, szybkostrzelność, kradzież życia...) obok celownika.","Показва положителните модификатори (съпротиви, скорострелност, вампиризъм...) до мерника.","Паказвае станоўчыя мадыфікатары (супраціўленні, скарастрэльнасць, вампірызм...) каля прыцэла.",プラスの修正効果 (耐性、発射速度、ライフスティール...) をクロスヘアの横に表示します。,在十字线旁显示正面修正（抗性、射速、吸血……）。,"Affiche les modificateurs positifs (résistances, cadence de tir, vol de vie...) à côté du réticule.","Mostra os modificadores positivos (resistências, cadência de tiro, roubo de vida...) junto à mira.","Mostra modificadores positivos (resistencias, cadencia de tiro, roubo de vida...) ao lado da mira.","Muestra los modificadores positivos (resistencias, cadencia de fuego, robo de vida...) junto a la mira."
Show purchase notifications under each hero's portrait instead of in the center.,Показывает уведомления о покупках под портретом каждого героя вместо центра.,Показувати сповіщення про покупки під портретом кожного героя замість центру.,Pokaż powiadomienia o zakupach pod portretem każdego bohatera zamiast na środku.,Показва известията за покупка под портрета на всеки герой вместо в центъра.,Паказвае апавяшчэнні аб куплі пад партрэтам кожнага героя замест цэнтра.,購入通知を中央ではなく各ヒーローのポートレートの下に表示します。,在每位英雄头像下方而非中央显示购买通知。,Affiche les notifications d'achat sous le portrait de chaque héros plutôt qu'au centre.,Mostra as notificações de compra sob o retrato de cada herói em vez de no centro.,Mostra as notificacoes de compra sob o retrato de cada heroi em vez de no centro.,Muestra las notificaciones de compra debajo del retrato de cada heroe en lugar de en el centro.
Show rank prediction badges on top bar and escape menu player list.,Показывает значки прогноза ранга на верхней панели и в списке игроков меню ESC.,Показувати значки прогнозу рангу у верхній панелі та у списку гравців меню ESC.,Pokaż odznaki przewidywanej rangi na górnym pasku oraz na liście graczy w menu Escape.,Показва значки за прогноза на ранга в горната лента и в списъка с играчи в менюто escape.,Паказвае значкі прагнозу рангу на верхняй панэлі і ў спісе гульцоў меню ESC.,トップバーとエスケープメニューのプレイヤーリストにランク予測バッジを表示します。,在顶栏和退出菜单的玩家列表上显示段位预测徽章。,Affiche les badges de prédiction de rang dans la barre supérieure et la liste des joueurs du menu échap.,Mostra emblemas de previsão de classificação na barra superior e na lista de jogadores do menu de escape.,Mostra emblemas de previsao de rank na barra superior e na lista de jogadores do menu de pausa.,Muestra insignias de prediccion de rango en la barra superior y en la lista de jugadores del menu de escape.
Show rank prediction badges on top bar player panels (requires Show Player Ranks).,Показывает значки прогноза ранга на панелях игроков верхней панели (требуется «Показать ранги игроков»).,Показувати значки прогнозу рангу на панелях гравців у верхній панелі (потрібно Показати ранги гравців).,Pokaż odznaki przewidywanej rangi na panelach graczy na górnym pasku (wymaga Pokaż Rangi Graczy).,Показва значки за прогноза на ранга в панелите на играчите в горната лента (requires Show Player Ranks).,Паказвае значкі прагнозу рангу на панэлях гульцоў верхняй панэлі (патрабуе «Паказаць рангі гульцоў»).,トップバーのプレイヤーパネルにランク予測バッジを表示します (プレイヤーのランクを表示が必要)。,在顶栏玩家面板上显示段位预测徽章（需要“显示玩家段位”）。,Affiche les badges de prédiction de rang sur les panneaux des joueurs de la barre supérieure (nécessite Afficher les rangs des joueurs).,Mostra emblemas de previsão de classificação nos painéis de jogadores da barra superior (requer Mostrar classificações dos jogadores).,Mostra emblemas de previsao de rank nos paineis de jogadores da barra superior (requer Mostrar ranks dos jogadores).,Muestra insignias de prediccion de rango en los paneles de jugadores de la barra superior (requiere Mostrar rangos de jugadores).
Show standalone movement speed.,Показывает отдельную скорость передвижения.,Показувати окрему швидкість руху.,Pokaż osobną prędkość ruchu.,Показва самостоятелна скорост на движение.,Паказвае асобную хуткасць перамяшчэння.,移動速度を単独で表示します。,单独显示移动速度。,Affiche la vitesse de déplacement de manière autonome.,Mostra a velocidade de movimento autónoma.,Mostra a velocidade de movimento de forma independente.,Muestra la velocidad de movimiento por separado.
Show the performance overlay HUD in-game.,Показывает оверлей производительности в игре.,Показувати HUD оверлею продуктивності у грі.,Pokaż nakładkę HUD wydajności w grze.,Показва HUD овърлея за производителност в играта.,Паказвае HUD налажэння прадукцыйнасці ў гульні.,ゲーム内にパフォーマンスオーバーレイ HUD を表示します。,在游戏中显示性能覆盖层 HUD。,Affiche le HUD de l'overlay de performances en jeu.,Mostra o HUD de sobreposição de desempenho no jogo.,Mostra o HUD de sobreposicao de desempenho no jogo.,Muestra el HUD de superposicion de rendimiento en el juego.
Shows a countdown timer in the top bar for the next urn spawn or relocation.,Показывает на верхней панели таймер до следующего появления или перемещения урны.,Показує таймер зворотного відліку у верхній панелі до наступної появи або переміщення урни.,Pokazuje na górnym pasku timer odliczający do następnego pojawienia się lub przeniesienia urny.,Показва таймер за обратно броене в горната лента за следващото появяване или преместване на урната.,Паказвае зваротны адлік у верхняй панэлі да наступнага адраджэння або перамяшчэння урны.,次の壺の出現または移動までのカウントダウンタイマーをトップバーに表示します。,在顶栏显示下一次瓮生成或转移的倒计时定时器。,Affiche un compte à rebours dans la barre supérieure pour la prochaine apparition ou relocalisation de l'urne.,Mostra um temporizador de contagem decrescente na barra superior para o próximo surgimento ou realocação da urna.,Mostra um temporizador de contagem regressiva na barra superior para o proximo surgimento ou realocacao da urna.,Muestra un temporizador de cuenta regresiva en la barra superior para la siguiente aparicion o reubicacion de la urna.
Side,Сторона,Сторона,Strona,Страна,Бок,サイド,侧边,Côté,Lado,Lado,Lado
Souls,Души,Душі,Dusze,Души,Душы,ソウル,魂魄,Souls,Almas,Almas,Almas
Urn Timer,Таймер урны,Таймер урни,Timer Urny,Таймер за урната,Таймер урны,壺タイマー,瓮计时器,Minuteur de l'urne,Temporizador da urna,Temporizador da urna,Temporizador de urna
Use the compact minimalistic pause screen instead of the default large one.,Использует компактный минималистичный экран паузы вместо большого по умолчанию.,Використовувати компактний мінімалістичний екран паузи замість стандартного великого.,"Użyj kompaktowego, minimalistycznego ekranu pauzy zamiast domyślnego dużego.",Използвайте компактния минималистичен екран за пауза вместо големия по подразбиране.,Выкарыстоўваць кампактны мінімалістычны экран паўзы замест стандартнага вялікага.,デフォルトの大きなポーズ画面の代わりに、コンパクトでミニマルなポーズ画面を使用します。,使用紧凑的极简暂停界面，而非默认的大型界面。,Utilise l'écran de pause minimaliste compact au lieu du grand écran par défaut.,Use o ecrã de pausa minimalista compacto em vez do grande predefinido.,Use a tela de pausa compacta e minimalista em vez da grande padrao.,Usa la pantalla de pausa compacta y minimalista en lugar de la grande predeterminada.
Whack a Rem,Whack a Rem,Whack a Rem,Pacnij Rema,Whack a Rem,Whack a Rem,ワックアレム,打地鼠雷姆,Whack a Rem,Whack a Rem,Whack a Rem,Whack a Rem
